Title,Company,Location,Type
Data Governance Engineer,Etisalat Egypt -,"Mohandessin, Giza, Egypt","Full Time
On-site"
Senior Data Engineer,Link Development -,"Maadi, Cairo, Egypt","Full Time
Hybrid"
Middle Business Data Analyst - BI Engineer,Vertex Technologies -,"Cairo, Egypt","Full Time
On-site"
Data Engineer,Osloop Development -,"Fleming, Alexandria, Egypt","Full Time
On-site"
Senior Data Engineer,Vertex Technologies -,"Cairo, Egypt","Full Time
On-site"
Operation Engineer Assistant,RISEUP (Endemag for Administrative Skills Development) -,"Maadi, Cairo, Egypt","Full Time
Hybrid"
Production Engineer,New Marina Plast -,"Bourj Alarab, Alexandria, Egypt","Full Time
On-site"
Production Engineer,EBSS - Elite Business Solution Service -,"Doha, Qatar","Full Time
On-site"
Planning Engineer,Family Corporation -,"Heliopolis, Cairo, Egypt","Full Time
On-site"
Production Engineer (Blown Film),Aldawlia For Plastic Materials -,"10th of Ramadan City, Sharqia, Egypt","Full Time
On-site"
IoT Platform & Product Development Engineer,Mobi Egypt -,"Cairo, Egypt","Full Time
On-site"
Senior IT Infrastructure Site Engineer,Dtec -,"Heliopolis, Cairo, Egypt","Full Time
On-site"
Security Engineer,Misr International Systems -,"Sheikh Zayed, Giza, Egypt","Full Time
On-site"
Quality Control Engineer (Polyethylene Film),Aldawlia For Plastic Materials -,"10th of Ramadan City, Cairo, Egypt","Full Time
On-site"
Applied Scientist / ML Engineer,RISEUP (Endemag for Administrative Skills Development) -,"Maadi, Cairo, Egypt","Full Time
Hybrid"
Junior IT Infrastructure Engineer,Dtec -,"Heliopolis, Cairo, Egypt","Full Time
On-site"
Data Analyst,Confidential -,"New Capital, Cairo, Egypt","Full Time
On-site"
Production Engineer,Hayat -,"Ain Sokhna, Suez, Egypt","Full Time
On-site"
Industrial Engineer (Work Study & Production Improvement),Swiss Garment Company -,"10th of Ramadan City, Sharqia, Egypt","Full Time
On-site"
Industrial Quality Engineer - Outsourced,Prometeon tyres group – Egypt -,"Ameria, Alexandria, Egypt","Full Time
Hybrid"
Senior Machine Learning Engineer,TechJump -,"Alexandria, Egypt","Full Time
Hybrid"
Data Analyst Engineer,Basco Engineering &Trading -,"Heliopolis, Cairo, Egypt","Full Time
On-site"
Middle Data Scientist,Vertex Technologies -,"Cairo, Egypt","Full Time
On-site"
Senior Data Scientist,Vertex Technologies -,"Cairo, Egypt","Full Time
On-site"
Data Scientist And Machine learning Engineer - Applied AI & Knowledge Sharing,EpsilonAI -,"Nasr City, Cairo, Egypt","Full Time
Hybrid"
Production Engineer,AlShrouk Paper -,"Alsadat City, Monufya, Egypt","Full Time
On-site"
Materials Planning Engineer,Confidential -,"10th of Ramadan City, Cairo, Egypt","Full Time
On-site"
BIM Electrical Senior Engineer,Takweenat -,"New Cairo, Cairo, Egypt","Full Time
On-site"
Survey Engineer,Eamar Al Delta -,"New Cairo, Cairo, Egypt","Full Time
On-site"
Senior Project Control Engineer,Concrete Plus -,"North Coast, Alexandria, Egypt","Full Time
On-site"
Artificial Intelligence (AI) Engineer | Alexandria | On-site,Akwad -,"Alexandria, Egypt","Full Time
On-site"
Technical Sales Engineer,INTROL -,"Riyadh, Saudi Arabia","Full Time
On-site"
Central Control Unit Operator,Wadi Group -,"Sheikh Zayed, Giza, Egypt","Full Time
On-site"
Sustainability Program Coordinator,RISEUP (Endemag for Administrative Skills Development) -,"Maadi, Cairo, Egypt","Full Time
Hybrid"
Data Analyst & Office Manager,Confidential -,"Mohandessin, Giza, Egypt","Full Time
On-site"
Artificial Intelligence & Programming Instructor (High School),Smart IT -,"Nasr City, Cairo, Egypt","Full Time
Part Time
Hybrid"
Data Scientist,MEAHCO - Saudi German Health -,"Katameya, Cairo, Egypt","Full Time
On-site"
Production Manager – Mattress Department,aleman -,"New Damietta, Damietta, Egypt","Full Time
On-site"
Senior Product Owner / Junior Product Manager,3D Diagnostix -,"Maadi, Cairo, Egypt","Full Time
Hybrid"
Data Analyst – Analytics & Knowledge Delivery,EpsilonAI -,"Nasr City, Cairo, Egypt","Full Time
Hybrid"
Product Specialist (Laboratory Medical Devices),ADI Egypt -,"Cairo, Egypt","Full Time
On-site"
Senior Mechanical Engineer,EPP -,"Port Said, Egypt","Full Time
On-site"
Senior Engineer - AI & Digital Transformation,Confidential -,"Cairo, Egypt","Full Time
Part Time
Freelance / Project
Remote"
Machine Learning Engineer (Mid–Senior level),Confidential -,"New Cairo, Cairo, Egypt","Full Time
Hybrid"
Electrical Project Engineer,Spinneys Egypt -,"Cairo, Egypt","Full Time
On-site"
Pavement Visual Inspection Engineer,Citylogix ME -,"New Cairo, Cairo, Egypt","Full Time
On-site"
Site Engineer,Karnak Group -,"Giza, Egypt","Full Time
On-site"
Production Engineer,AZ Developments -,"Abu Rawash, Giza, Egypt","Full Time
On-site"
Junior Tender Engineer,Delta Egypt For Lighting -,"Obour City, Cairo, Egypt","Full Time
On-site"
Production Engineer,Euromed for medical industries -,"Nasr City, Cairo, Egypt","Full Time
On-site"
Senior Electrical Installations Engineer,Confidential -,"Cairo, Egypt","Full Time
On-site"
Senior Networking Engineer,Talaat Moustafa Group -,"New Cairo, Cairo, Egypt","Full Time
On-site"
Procurement Engineer,Wander developments -,"New Cairo, Cairo, Egypt","Full Time
On-site"
MEP Technical Office Engineer - French Speaker,CSI -,"Heliopolis, Cairo, Egypt","Full Time
On-site"
Tendering Estimation Engineer,asquared -,"New Cairo, Cairo, Egypt","Full Time
On-site"
Product Engineer,Alarabia Group -,"10th of Ramadan City, Sharqia, Egypt","Full Time
On-site"
Process Engineer,Fine Hygienic Holding -,"6th of October, Giza, Egypt","Full Time
On-site"
HVAC Sales Engineer,Heliopolis Engineering and Trading HETO -,"Heliopolis, Cairo, Egypt","Internship
Remote"
Junior Electrical – Power & Light Current Design Engineer - Head Office,ACE Consulting Engineers (Moharram - Bakhoum -,"Dokki, Giza, Egypt","Full Time
On-site"
Senior Civil Procurement Engineer,Reliance Egypt -,"Downtown, Cairo, Egypt","Full Time
On-site"
Production Planning Engineer,Frank Noe Egypt -,"6th of October, Giza, Egypt","Full Time
On-site"
Mechanical / Electrical Technical Office Engineer,CSI -,"Heliopolis, Cairo, Egypt","Full Time
On-site"
Instrumentation / Automation Service Engineer,Soulintec -,"Alexandria, Egypt","Full Time
On-site"
Fleet Operations Manager,Confidential -,"Beni Suef, Beni Suef, Egypt","Full Time
On-site"
Architect Tender Engineer,RAQMU for Building and Construction -,"Cairo, Egypt","Full Time
On-site"
After-Sales Operations Engineer,Midea Group -,"Cairo, Egypt","Full Time
On-site"
AI Engineering Lead,Link Development -,"Maadi, Cairo, Egypt","Full Time
Hybrid"
Technical Office Engineer (Lighting & Wiring / Structure Cabling System),Al Andalus Electrical Solutions -,"New Cairo, Cairo, Egypt","Full Time
On-site"
Renewable Energy Engineer,Renewable Energy Pros -,"New Cairo, Cairo, Egypt","Full Time
On-site"
Tendering Engineer - Low & Medium Voltage Switchboards,ElectraTec for Electric Industries -,"10th of Ramadan City, Cairo, Egypt","Full Time
On-site"
Quality Control Engineer,Frank Noe Egypt -,"6th of October, Giza, Egypt","Full Time
On-site"
Quality Control Engineer,Eamar Al Delta -,"New Cairo, Cairo, Egypt","Full Time
On-site"
Senior Sales Engineer – HVAC,Professional Service - Proserv -,"New Cairo, Cairo, Egypt","Full Time
On-site"
AI Engineer,MEAHCO - Saudi German Health -,"Katameya, Cairo, Egypt","Full Time
On-site"
Production Engineer,Frank Noe Egypt -,"6th of October, Giza, Egypt","Full Time
On-site"
Production Engineer,Sadko Plast -,"10th of Ramadan City, Sharqia, Egypt","Full Time
On-site"
Fitout Engineer,Bakir Construction Company -,"Cairo, Egypt","Full Time
On-site"
Sales Support Engineer,Mymsa -,"Cairo, Egypt","Full Time
On-site"
Planning Engineer,RAQMU for Building and Construction -,"Cairo, Egypt","Full Time
On-site"
Russian Construction (Civil) Engineer,Korea Hydro Nuclear Power co.LTD (KHNP) -,"Dabaa, Matruh, Egypt","Full Time
On-site"
Mechanical Technical Office Engineer,RAQMU for Building and Construction -,"Cairo, Egypt","Full Time
On-site"
Localization Engineer - Manufacturing,RAYA Auto -,"6th of October, Giza, Egypt","Full Time
On-site"
Estimation Engineer,Masria Group -,"Obour City, Cairo, Egypt","Full Time
On-site"
Quality Control Engineer,Electronic & Electrical Engineering - 3E -,"Cairo, Egypt","Full Time
On-site"
Senior Planning Engineer,Infracon -,"Heliopolis, Cairo, Egypt","Full Time
On-site"
Senior Tendering & Estimation Engineer,Confidential -,"Sheikh Zayed, Giza, Egypt","Full Time
On-site"
QUALITY ENGINEER,Alex form -,"Ain Sokhna, Suez, Egypt","Full Time
On-site"
"Remote Tech Opportunity | Senior Tech Specialists Wanted | Earn Up To $1,000 USD Per Month",Confidential -,"Doha, Qatar","Full Time
Part Time
Freelance / Project
Remote"
Production Engineer,idaco -,"6th of October, Giza, Egypt","Full Time
On-site"
HVAC Sales Engineer,Heliopolis Engineering and Trading HETO -,"Heliopolis, Cairo, Egypt","Full Time
Remote"
"DevOps Engineer – OCI, CI/CD & Temenos (Banking) | Egyptians Only",Easy System -,"Muscat, Oman","Full Time
On-site"
Maintenance Engineer - Mobile,Raya Distribution -,"Suez, Suez, Egypt","Full Time
On-site"
Assistant Surveyor,PRE Group -,"New Cairo, Cairo, Egypt","Full Time
On-site"
Wet Utility Site Engineer,Confidential -,"Alexandria, Egypt","Full Time
On-site"
Senior Automation QA Engineer,Vertex Technologies -,"Cairo, Egypt","Full Time
On-site"
Spare Parts & Inventory Control Engineer,Masria Group -,"Obour City, Cairo, Egypt","Full Time
On-site"
Supply Chain Engineer,Confidential -,"6th of October, Giza, Egypt","Full Time
On-site"
AI-Native Software Engineer (Full-Stack),Vertex Technologies -,"Cairo, Egypt","Full Time
On-site"
Technical Office Engineer MEP,Pronet Engineering for Trade & Contracting -,"Nasr City, Cairo, Egypt","Full Time
On-site"
Production Engineer ( Background Foods ),Marbella For Food Industry -,"6th of October, Giza, Egypt","Full Time
On-site"
Procurement Engineer-Curtain Wall,CSCEC International Facade Egypt Co Ltd -,"Ain Sokhna, Suez, Egypt","Full Time
On-site"
Tendering Engineer,Firoz Group -,"Nasr City, Cairo, Egypt","Full Time
On-site"
Mechanical Maintenance Engineer,Koning Food Industries -,"10th of Ramadan City, Sharqia, Egypt","Full Time
On-site"
Infrastructure Engineer,National technology group -,"6th of October, Giza, Egypt","Full Time
Hybrid"
Mid-Level Cloud Native Engineer,Confidential -,"Maadi, Cairo, Egypt","Full Time
On-site"
"DevOps Engineer – OCI, CI/CD & Temenos (Banking) | Egyptians Only",Easy System -,"Muscat, Oman","Full Time
On-site"
Maintenance Engineer - Mobile,Raya Distribution -,"Suez, Suez, Egypt","Full Time
On-site"
Assistant Surveyor,PRE Group -,"New Cairo, Cairo, Egypt","Full Time
On-site"
Wet Utility Site Engineer,Confidential -,"Alexandria, Egypt","Full Time
On-site"
Senior Automation QA Engineer,Vertex Technologies -,"Cairo, Egypt","Full Time
On-site"
Spare Parts & Inventory Control Engineer,Masria Group -,"Obour City, Cairo, Egypt","Full Time
On-site"
Supply Chain Engineer,Confidential -,"6th of October, Giza, Egypt","Full Time
On-site"
AI-Native Software Engineer (Full-Stack),Vertex Technologies -,"Cairo, Egypt","Full Time
On-site"
Technical Office Engineer MEP,Pronet Engineering for Trade & Contracting -,"Nasr City, Cairo, Egypt","Full Time
On-site"
Production Engineer ( Background Foods ),Marbella For Food Industry -,"6th of October, Giza, Egypt","Full Time
On-site"
Procurement Engineer-Curtain Wall,CSCEC International Facade Egypt Co Ltd -,"Ain Sokhna, Suez, Egypt","Full Time
On-site"
Tendering Engineer,Firoz Group -,"Nasr City, Cairo, Egypt","Full Time
On-site"
Mechanical Maintenance Engineer,Koning Food Industries -,"10th of Ramadan City, Sharqia, Egypt","Full Time
On-site"
Infrastructure Engineer,National technology group -,"6th of October, Giza, Egypt","Full Time
Hybrid"
Mid-Level Cloud Native Engineer,Confidential -,"Maadi, Cairo, Egypt","Full Time
On-site"
Junior Manual QA Engineer,Vertex Technologies -,"Cairo, Egypt","Full Time
On-site"
Procurement Manager- Engineer,Confidential -,"Heliopolis, Cairo, Egypt","Full Time
On-site"
Sales & BD Engineer,Professional Service - Proserv -,"New Cairo, Cairo, Egypt","Full Time
On-site"
Junior Demand Planner,Dakahlia Group -,"Nasr City, Cairo, Egypt","Full Time
On-site"
Technical Office Engineer (Revit) (Interior scope),EGY UNIFORM ARCHITECTS + DESIGNS -,"Nasr City, Cairo, Egypt","Full Time
On-site"
Cost Engineer,RISEUP (Endemag for Administrative Skills Development) -,"Maadi, Cairo, Egypt","Full Time
Hybrid"
Senior Data Scientist,Egabi FSI -,"Sheraton, Cairo, Egypt","Full Time
On-site"
Tendering Engineer,ADCONS -,"Cairo, Egypt","Full Time
On-site"
Sterile Mechanical Engineer,Amoun Pharmaceutical -,"Obour City, Cairo, Egypt","Full Time
On-site"
Assistant to Program Director - School of Engineering & Applied Sciences,Nile University -,"Sheikh Zayed, Giza, Egypt","Full Time
On-site"
Senior Backend Engineer (Node.js / NestJS / TypeScript),tech technology -,"Cairo, Egypt","Full Time
Remote"
tendering and procurement engineer,Petro-Teq for industrial solution -,"Smouha, Alexandria, Egypt","Full Time
On-site"
Warehouse Section Head,Confidential -,"Abu Qurqas, Minya, Egypt","Full Time
On-site"
Data Analyst,EGMED -,"Cairo, Egypt","Full Time
On-site"
Production Engineer,Arias Egypt -,"Alsadat City, Monufya, Egypt","Full Time
On-site"
Technical Office Architect Engineer,Link International -,"Cairo, Egypt","Full Time
On-site"
R&D Engineer,Alex form -,"Alexandria, Egypt","Full Time
On-site"
Sales Engineer – Industrial Solutions (Alexandria),Trust Engineering Company -,"Alexandria, Egypt","Full Time
On-site"
Sales Engineer – Industrial Solutions (Cairo),Trust Engineering Company -,"Alexandria, Egypt","Full Time
On-site"
Electrical Technical Office Engineer,MIG - Masrya International Group for engineering & contracting S.A.E -,"6th of October, Giza, Egypt","Full Time
On-site"
Mid-level Manual QA Engineer,Vertex Technologies -,"Cairo, Egypt","Full Time
On-site"
Contracts & Claims Engineer,CSI -,"Heliopolis, Cairo, Egypt","Full Time
On-site"
Instrumentation & Control Engineer,Activa International -,"6th of October, Giza, Egypt","Full Time
On-site"
Sr.Tendering Engineer,Jidaar Construction -,"Heliopolis, Cairo, Egypt","Full Time
On-site"
Planning Engineer,TRAVCO GROUP -,"Sheikh Zayed, Giza, Egypt","Full Time
On-site"
R&D Engineer,EGIC -,"6th of October, Giza, Egypt","Full Time
On-site"
Technical Office Mechanical Engineer,CoreTec for Engineering Service -,"Cairo, Egypt","Full Time
On-site"
CNC Engineer,Confidential -,"Obour City, Cairo, Egypt","Full Time
On-site"
Mechanical Technical Office Engineer,Egyptian Engineering Company -,"6th of October, Giza, Egypt","Full Time
On-site"
Senior Electrical Site Engineer,Modern Controls -,"Giza, Egypt","Full Time
On-site"
Technical Office Engineer MEP,Adcon construction -,"Sheraton, Cairo, Egypt","Full Time
On-site"
Site Engineer – Curtain Wall,CSCEC International Facade Egypt Co Ltd -,"Ain Sokhna, Suez, Egypt","Full Time
On-site"
Mechanical Design Engineer,ALSAKR for Trading and Manufacturing of Machinery and Equipments -,"10th of Ramadan City, Sharqia, Egypt","Full Time
On-site"
Senior Principal Engineer - Dry Utilities,Atkins Realis -,"Nasr City, Cairo, Egypt","Full Time
On-site"
Odoo Implementation Specialist,Al Mokhlif Oud -,"Nasr City, Cairo, Egypt","Full Time
On-site"
Business Development Engineer,Terra Egypt -,"Sheikh Zayed, Giza, Egypt","Full Time
On-site"
Technical Lead / Engineering Lead,CODE SARAA Information Technology -,"Riyadh, Saudi Arabia","Part Time
Remote"
QA / Software Test Engineer (AI-Augmented Testing),Roaya -,"Maadi, Cairo, Egypt","Full Time
On-site"
Account Manager (Engineer),Confidential -,"New Cairo, Cairo, Egypt","Full Time
On-site"
Production Engineer,TechnoBit Group -,"Belbes, Sharqia, Egypt","Full Time
On-site"
SCM Specialist,Confidential -,"10th of Ramadan City, Cairo, Egypt","Full Time
On-site"
mechanical engineering lab supervisor,Universities of Canada in Egypt -,"New Capital, Cairo, Egypt","Full Time
On-site"
Specification Manager ( Civil -Arch Engineer),EAMIC -,"Cairo, Egypt",Full Time
Quality Assurance Engineer,El Abd Group -,"Alsadat City, Monufya, Egypt","Full Time
On-site"
MEP Technical Office Engineer,Link International -,"Cairo, Egypt","Full Time
On-site"
Senior VAS Engineer,Efada Technology -,"6th of October, Giza, Egypt","Full Time
Hybrid"
HSE Engineer,EUREKA Solar Energy -,"10th of Ramadan City, Sharqia, Egypt","Full Time
On-site"
Production Engineer (1–2 Years Experience),ABCO Group -,"Bourj Alarab, Alexandria, Egypt","Full Time
On-site"
Quality Control Engineer,Decotam -,"6th of October, Giza, Egypt","Full Time
On-site"
Piping Engineer,Doosan Enerbility co .LTD -,"Dabaa, Matruh, Egypt","Full Time
On-site"
Electrical Maintenance Engineer,Confidential -,"Dakahlia, Egypt","Full Time
On-site"
Mechatronics Engineer,Circle K -,"Heliopolis, Cairo, Egypt","Full Time
On-site"
Technical Office Engineer,Moonland for Real Estate & Touristic Investments (Image) -,"Sharm Alsheikh, South Sinai, Egypt","Full Time
On-site"
Distributer Controller,Cairo Three A Poultry -,"New Cairo, Cairo, Egypt","Full Time
On-site"
Junior Electrical Maintenance Engineer,Confidential -,"Faisal, Giza, Egypt","Full Time
On-site"
IT Engineer,Marbella For Food Industry -,"6th of October, Giza, Egypt","Full Time
On-site"
Senior Software Quality Control Engineer,BI-Technologies -,"New Cairo, Cairo, Egypt","Full Time
Hybrid"
IPM & Housekeeping Engineer,Beyti - an Almarai Subsidiary -,"Noubaria, Beheira, Egypt","Full Time
On-site"
Technical Office Engineer - Architecture,Jidaar Construction -,"New Cairo, Cairo, Egypt","Full Time
On-site"
Electrical Site Engineer,Power Solutions -,"6th of October, Giza, Egypt","Full Time
Freelance / Project
On-site"
Senior Technical Office Engineer,Confidential -,"Ras Sedr, South Sinai, Egypt","Full Time
On-site"
Production Engineer,Alex form -,"Ameria, Alexandria, Egypt","Full Time
On-site"
Technical Support Engineer,Deutschland Technology Limited -,"Obour City, Cairo, Egypt","Full Time
On-site"
Senior - Staff IOS Native Software Engineer,Expiwell -,"Cairo, Egypt","Full Time
Remote"
Senior Industrial Engineer (Steel Fabrication),Zamil Steel Buildings Co -,"6th of October, Giza, Egypt","Full Time
On-site"
"Software Test Engineer (Manual & Automation) (Full-Time, Remote)",iBrokerage Ltd. -,"Cairo, Egypt","Full Time
Remote"
Sales Engineer - Supermarkets & Shops fitting,Arab Mechanical Engineers -,"Nasr City, Cairo, Egypt","Full Time
On-site"
"Application Support Engineer ""Outsource""",Efada Technology -,"6th of October, Giza, Egypt","Full Time
Hybrid"
Site Technical Office Engineer,ADCONS -,"Cairo, Egypt","Full Time
On-site"
Senior Electrical Engineer - Construction,Confidential -,"Qusayr, Red Sea, Egypt","Full Time
On-site"
Production Engineer,Confidential -,"6th of October, Giza, Egypt","Full Time
On-site"
Sr. Electrical Maintenance Engineer,FlexFilms Egypt -,"Giza, Egypt","Shift Based
On-site"
Network & Security Engineer,Al Watania Poultry -,"Smart Village, Giza, Egypt","Full Time
On-site"
Architecture Technical Office Engineer,Qawafil For Real Estate Investment -,"New Cairo, Cairo, Egypt","Full Time
On-site"
Sales Engineer,Sholex Trade -,"Nasr City, Cairo, Egypt","Full Time
On-site"
Senior AI Engineer,LavaLoon -,"Nasr City, Cairo, Egypt","Full Time
On-site"
Hardware Test Engineer,etisal for advanced industries -,"6th of October, Giza, Egypt","Full Time
On-site"
Technical Audit Engineer,Arma-HSA -,"10th of Ramadan City, Sharqia, Egypt","Full Time
On-site"
QS Engineer (Civil),Confidential -,"New Cairo, Cairo, Egypt","Full Time
On-site"
Electrical Testing Engineer,Elsewedy Electric -,"10th of Ramadan City, Cairo, Egypt","Full Time
On-site"
Demand Planning Engineer,Kandil Industries -,"Nasr City, Cairo, Egypt","Full Time
On-site"
Technical office engineer,TMA For Industrial Supplies -,"Nasr City, Cairo, Egypt","Full Time
On-site"
Site Engineer,Quantum Automatic Systems -,"Heliopolis, Cairo, Egypt","Full Time
On-site"
Senior Reliability Maintenance Engineer (Mobile Equipment),Confidential -,"Alexandria, Egypt","Full Time
On-site"
Application Support Engineer,Erada -,"Maadi, Cairo, Egypt","Full Time
On-site"
Odoo Master Data Assistant,MATGR For Engineering And Trading -,"New Cairo, Cairo, Egypt","Full Time
On-site"
Electrical Maintenance Engineer,ICON Holding -,"Helwan, Cairo, Egypt","Internship
On-site"
Technical Office Engineer,Egypt Africa -,"Katameya, Cairo, Egypt","Full Time
On-site"
Front-End Software Engineering Internship,HENNGE -,"Tokyo, Japan","Internship
On-site"
"Operational Excellence Engineer "" Internship""",ICON Holding -,"Helwan, Cairo, Egypt","Internship
On-site"
Production Engineer Internship,ICON Holding -,"Helwan, Cairo, Egypt","Internship
On-site"
"Mechanical Maintenance Engineer "" Internship""",ICON Holding -,"Helwan, Cairo, Egypt","Internship
On-site"
Senior DevOps Engineer,Vertex Technologies -,"Cairo, Egypt","Full Time
On-site"
Senior Network Engineer,Egypt University of Informatics (EUI) -,"New Capital, Cairo, Egypt","Full Time
On-site"
"Safety Engineer "" Internship""",ICON Holding -,"Helwan, Cairo, Egypt","Internship
On-site"
MRP Engineer,Kandil Industries -,"Nasr City, Cairo, Egypt","Full Time
On-site"
Junior Electrical Procurement Engineer,Modern Controls -,"Giza, Egypt","Full Time
On-site"
Junior Sales Engineer,GloBAS Group -,"Dubai, United Arab Emirates","Internship
Remote"
Production Planning Engineer,Kandil Industries -,"Nasr City, Cairo, Egypt","Full Time
On-site"
Quality Control Engineer - Steel,EEC Group -,"Belbes, Sharqia, Egypt","Full Time
On-site"
Technical Support / Application Support Engineer,eVision -,"New Cairo, Cairo, Egypt","Full Time
On-site"
Packaging Engineer,Dabur -,"10th of Ramadan City, Cairo, Egypt","Internship
On-site"
Full Stack Software Engineering Internship,HENNGE -,"Tokyo, Japan","Internship
On-site"
Quality Control Engineer,Trust -,"khanka, Qalubia, Egypt","Full Time
On-site"
Quality Engineer,FUTEC -,"10th of Ramadan City, Sharqia, Egypt","Full Time
On-site"
Procurement Engineer,Arabtec -,"Heliopolis, Cairo, Egypt","Full Time
On-site"
Production Engineer,Elsewedy Electric -,"10th of Ramadan City, Cairo, Egypt","Full Time
On-site"
MEP Technical Office Engineer,Conserv -,"Cairo, Egypt","Full Time
On-site"
"Warehousing Engineer "" Internship""",ICON Holding -,"Helwan, Cairo, Egypt","Internship
On-site"
"Supply Chain Planning Engineer "" Internship""",ICON Holding -,"Helwan, Cairo, Egypt","Internship
On-site"
Broadcast IT Engineer,Al Ghad TV -,"6th of October, Giza, Egypt","Full Time
On-site"
Jr.Electrical Design Engineering Consultant,Vital Konzept -,"Maadi, Cairo, Egypt","Full Time
On-site"
Electrical Engineer - Steel Factory,Confidential -,"Riyadh, Saudi Arabia","Full Time
On-site"
Senior Sales Engineer,Masry for Engineering & trading -,"Nasr City, Cairo, Egypt","Full Time
On-site"
Bid & Proposal Engineer,EAST -,"Cairo, Egypt","Full Time
On-site"
Senior System Engineer,Talaat Moustafa Group -,"Dokki, Giza, Egypt","Full Time
On-site"
Sales Engineer - Compressor & Air Blower,Aerzen North Africa -,"Heliopolis, Cairo, Egypt","Full Time
On-site"
Technical Talent Acquisition Specialist (Software & Engineering),OYA ENERGY -,"Sheikh Zayed, Giza, Egypt","Full Time
On-site"
IT Manager,Cloverbrook Textiles Egypt -,"6th of October, Giza, Egypt","Full Time
On-site"
Continuous Improvement Engineer,Groupe- Atlantic -,"10th of Ramadan City, Cairo, Egypt","Full Time
On-site"
Microbiology Lab Engineer,Beyti - an Almarai Subsidiary -,"Noubaria, Beheira, Egypt","Full Time
On-site"
Food Safety Engineer,Beyti - an Almarai Subsidiary -,"Noubaria, Beheira, Egypt","Full Time
On-site"
Software Tester (QA Engineer),Ayvo -,"Jeddah, Saudi Arabia","Full Time
Remote"
Quality Control Engineer,TechJump -,"Alexandria, Egypt","Full Time
Hybrid"
AI/ML Backend Engineer (Junior - Mid-Level),qartas -,"New Capital, Cairo, Egypt","Full Time
On-site"
AI Lead,Efada Technology -,"New Cairo, Cairo, Egypt","Full Time
On-site"
Software Developer Engineer,Confidential -,"Cairo, Egypt","Full Time
On-site"
Production Section Head - Sheet Metal,Badawy - BEECO -,"Cairo, Egypt","Full Time
On-site"
Warehouse Supervisor,Egyptian Engineering Company -,"6th of October, Giza, Egypt","Full Time
On-site"
Mid-level Android Developer,Expert Apps -,"Maadi, Cairo, Egypt","Full Time
Hybrid"
Procurement Specialist,Confidential -,"Heliopolis, Cairo, Egypt","Full Time
On-site"
Technical Procurement Specialist,Confidential -,"Heliopolis, Cairo, Egypt","Full Time
On-site"
EHS Specialist,Confidential -,"Alsadat City, Monufya, Egypt","Full Time
On-site"
Business Analytics Head,Confidential -,"Shorouk City, Cairo, Egypt","Full Time
On-site"
Solutions Architect – e-Invoicing Integrations,Intelleti LLC -,"Cairo, Egypt","Full Time
Remote"
Material Requirements Planning (MRP) Supervisor,Tank -,"10th of Ramadan City, Cairo, Egypt","Full Time
On-site"
Landscape Lead Architect,Capital Link Developments -,"New Cairo, Cairo, Egypt","Full Time
On-site"
Experienced Tenter Frame Operator,Saudi-account-test2 -,"Jeddah, Saudi Arabia","Full Time
Part Time
Freelance / Project
Remote"
Electrical Estimators,Jacob Electric Ltd -,"Vancouver, Canada","Full Time
Remote"
Global Project Manager,K Line Europe -,"Nasr City, Cairo, Egypt","Full Time
Shift Based
Remote"
BIM Engineer (French Speaker),Atkins Realis -,"Cairo, Egypt","Full Time
Hybrid"
Civil & Architecture Procurement Department Manager,Confidential -,"Madinaty, Cairo, Egypt","Full Time
On-site"
Monitor-CS,Mico World Limited -,"Maadi, Cairo, Egypt","Full Time
On-site"
Quality Manager,TEPCO S.A.E. -,"Obour City, Cairo, Egypt","Full Time
On-site"
Supply Chain Analyst .,Confidential -,"Nasr City, Cairo, Egypt","Full Time
On-site"
Quality Control Analyst,Nada account -,"6th of October, Giza, Egypt","Full Time
On-site"
Senior Business Development Engineer,Valmore Holding -,"6th of October, Giza, Egypt","Full Time
On-site"
Oracle Developer,National Technology -,"Nasr City, Cairo, Egypt","Full Time
Hybrid"
Product Manager,Bokra -,"Maadi, Cairo, Egypt","Full Time
On-site"
Senior Logistics Specialist,TEPCO S.A.E. -,"Obour City, Cairo, Egypt","Full Time
On-site"
Health and Safety Specilaist,Egypt Gold -,"Obour City, Cairo, Egypt","Full Time
On-site"
Factory Manager,Confidential -,"Belbes, Sharqia, Egypt","Full Time
On-site"
Planning Team Leader - Civil,Confidential -,"New Cairo, Cairo, Egypt","Full Time
On-site"
Electrical Lead,Fine Hygienic Holding -,"6th of October, Giza, Egypt","Full Time
On-site"
Logistics Manager,Confidential -,"Cairo, Egypt","Full Time
On-site"
Senior Business Developer,Procrew -,"Alexandria, Egypt","Full Time
On-site"
Technical Support Specialist,Talaat Moustafa Group -,"New Cairo, Cairo, Egypt","Full Time
On-site"
SAP Material Engineer (MM Module),ORGANI GROUP -,"Cairo, Egypt","Full Time
On-site"
Calibration Specialist,Mymsa -,"Cairo, Egypt","Full Time
On-site"
Foreign Procurement Specialist,Sphinx Glass -,"Alsadat City, Monufya, Egypt","Full Time
On-site"
"Health, Safety & Environmental Section Head",Sadko Plast -,"10th of Ramadan City, Sharqia, Egypt","Full Time
On-site"
Quality Control Lead,Tawfeer -,"Maadi, Cairo, Egypt","Full Time
On-site"
Energy Engineer,Optima Solutions Group -,"6th of October, Giza, Egypt","Full Time
Hybrid"
External Processing Coordinator,Power Solutions -,"6th of October, Giza, Egypt","Full Time
On-site"
Production Engineer,Perfecto Polymers -,"Badr City, Cairo, Egypt","Full Time
On-site"
Document Controller,ADCONS -,"Cairo, Egypt","Full Time
On-site"
Deputy IT Manager for Infrastructure,Nile University -,"Sheikh Zayed, Giza, Egypt","Full Time
On-site"
QC Civil Engineer,Energya power and telecom solutions Elsewedy Helal -,"Cairo, Egypt","Full Time
On-site"
In-Process Control Quality Officer - Alex,Parkville Pharmaceuticals -,"Bourj Alarab, Alexandria, Egypt","Full Time
On-site"
Oracle Developer,El Mohandess Print House -,"10th of Ramadan City, Sharqia, Egypt","Full Time
On-site"
Sales Account Manager,Misr International Systems -,"Sheikh Zayed, Giza, Egypt","Full Time
On-site"
Performance Management & KPI Office Manager,XAI Technology -,"New Cairo, Cairo, Egypt","Full Time
On-site"
Senior Laravel Developer,34ML -,"Heliopolis, Cairo, Egypt","Full Time
Hybrid"
R&D Specialist,Zeta Pharma -,"Alsadat City, Monufya, Egypt","Full Time
On-site"
Planning Supervisor,NILEWOOD -,"Alsadat City, Monufya, Egypt","Full Time
On-site"
Design Review Manager,RISEUP (Endemag for Administrative Skills Development) -,"Maadi, Cairo, Egypt","Full Time
Hybrid"
Sales Administrator,OTAK Trading & Contracting -,"New Cairo, Cairo, Egypt","Full Time
On-site"
accountant,AlMaraag for Real Estate Development -,"Rehab City, Cairo, Egypt","Full Time
On-site"
Planning Section Head (Agriculture Background),Confidential -,"New Cairo, Cairo, Egypt","Full Time
On-site"
Accounting Section Head,Bokra -,"Maadi, Cairo, Egypt","Full Time
On-site"
BIM Mechanical,IDC Group -,"Cairo, Egypt","Full Time
On-site"
Land Surveyor,CSI -,"Heliopolis, Cairo, Egypt","Full Time
On-site"
Senior Backend Developer (Manufacturing),K Line Europe -,"Nasr City, Cairo, Egypt","Full Time
Shift Based
Remote"
System Administrator,Sega_m -,"10th of Ramadan City, Sharqia, Egypt","Full Time
On-site"
Senior Structure Technical Office,Link International -,"Hurghada, Red Sea, Egypt","Full Time
On-site"
QA section head,Confidential -,"6th of October, Giza, Egypt","Full Time
On-site"
Technical Manager - firefighting Pumps,Hemaya EG -,"Cairo, Egypt","Full Time
On-site"
QA/ Process Improvement Specialist (Not a software testing position),Fixed Solutions -,"Cairo, Egypt","Full Time
Hybrid"
Odoo Developer,Confidential -,"Mokattam, Cairo, Egypt","Full Time
On-site"
Quality Control Manager,Confidential -,"Salam City, Cairo, Egypt","Full Time
On-site"
BIM Coordinator,Stradigimc -,"Cairo, Egypt","Full Time
Remote"
Production Planning Officer,El Mayhop for Food Industries الميهوب للصناعات الغذائية -,"Alsadat City, Monufya, Egypt","Full Time
On-site"
Production Manager,Confidential -,"khanka, Qalubia, Egypt","Full Time
On-site"
Technical Office Manager,Confidential -,"Aswan, Aswan, Egypt","Full Time
On-site"
Backend Node js Developer,Objects -,"Alexandria, Egypt","Full Time
Hybrid"
Maintenance Planner (Port Said),Sky ports -,"Sharq, Port Said, Egypt","Full Time
On-site"
IT Manager,etisal for advanced industries -,"6th of October, Giza, Egypt","Full Time
On-site"
Demand Planning Manager,Alarabia Group -,"Cairo, Egypt","Full Time
On-site"
Customer Support Representative/Procurement Officer,RISEUP (Endemag for Administrative Skills Development) -,"Heliopolis, Cairo, Egypt","Full Time
On-site"
Senior UX-UI Product Designer,Aptivamena Tech -,"Cairo, Egypt","Full Time
On-site"
Operations Excellence Director,Valmore Holding -,"New Cairo, Cairo, Egypt","Full Time
On-site"
Backend Developer,Advanced Engineering Consultations -,"Giza, Egypt","Full Time
On-site"
Business System Analyst,Andersen Lab -,"Jeddah, Saudi Arabia","Full Time
Remote"
Senior Coordinator,MCV - Obour -,"Obour City, Cairo, Egypt","Full Time
On-site"
Solar PV Specialist,CSI -,"Heliopolis, Cairo, Egypt","Full Time
On-site"
Project Controls Lead,CSI -,"Heliopolis, Cairo, Egypt","Full Time
On-site"
QA/QC Inspector – Electrical / Mechanical,CSI -,"Heliopolis, Cairo, Egypt","Full Time
On-site"
Mid-Level Software Tester,Expert Apps -,"Maadi, Cairo, Egypt","Full Time
Hybrid"
Maintenance Manager – Concentrates & IQF,El Banna Group Company -,"Alsadat City, Monufya, Egypt","Full Time
On-site"
Senior Safety & Quality Specialist,Elsewedy Electric -,"Cairo, Egypt","Full Time
On-site"
Senior Electrical Technical Office,SHERIF EL-GOHARY & CO. -,"Mohandessin, Giza, Egypt","Full Time
On-site"
Water Treatment & Utilities Technician - KSA,APEX Pharma -,"Rabigh, Saudi Arabia","Full Time
On-site"
Senior Back-end Developer – Java,Confidential -,"Heliopolis, Cairo, Egypt","Full Time
Part Time
On-site"
Senior Organizational Development.,Town Team -,"Nasr City, Cairo, Egypt","Full Time
On-site"
Business Development Specialist (Bani Swief Branch),Industrial Modernisation Centre (IMC) -,"Beni Suef, Egypt","Full Time
Hybrid"
Operations Manager.,Roselle Foods Limited -,"Dar es Salaam, Tanzania","Full Time
On-site"
HSE Specialist,Egypt Gold -,"Obour City, Cairo, Egypt","Full Time
On-site"
Budget and Cost Controller,الشرقية للضفائر الكهربائية -elsharkia for electric wiring harness -,"Belbes, Sharqia, Egypt","Full Time
On-site"
Inventory and Cost Controller,الشرقية للضفائر الكهربائية -elsharkia for electric wiring harness -,"Belbes, Sharqia, Egypt","Full Time
On-site"
Die-Casting Production Section Head,Gest For Metals -,"Sharqia, Egypt","Full Time
On-site"
Quality Control Manager,K Line Europe -,"Nasr City, Cairo, Egypt","Full Time
Shift Based
On-site"
Injection Production Manager,El Teriak Industrial Group -,"6th of October, Giza, Egypt","Full Time
On-site"
IT Manager,Confidential -,"6th of October, Giza, Egypt","Full Time
On-site"
Senior Java Developer,Egabi FSI -,"Sheraton, Cairo, Egypt","Full Time
On-site"
Senior Oracle Apps DBA (Oracle E-Business Suite R12),GEMMA -,"Haram, Giza, Egypt","Full Time
On-site"
Technical Officer,Industrial Modernisation Centre (IMC) -,"Nasr City, Cairo, Egypt","Full Time
On-site"
Stock Control Manager,Ninos Kids Wear -,"Maadi, Cairo, Egypt","Full Time
On-site"
Global PMO Manager,K Line Europe -,"Nasr City, Cairo, Egypt","Full Time
Shift Based
Hybrid"
Factory Maintenance Manager,Confidential -,"Bourj Alarab, Alexandria, Egypt","Full Time
On-site"
Director of Operational Excellence & Supply Chain,Confidential -,"Nasr City, Cairo, Egypt","Full Time
Shift Based
Hybrid"
Operational Project Manager,Confidential -,"Fayoum, Fayoum, Egypt","Full Time
On-site"
Drilling Department Manager,FAID ALNAAM -,"Farafra, New Valley, Egypt","Full Time
On-site"
Network Specialist,Egyptian Packaging and Plastic Systems Corp -,"Manial, Cairo, Egypt","Full Time
On-site"
BIM Electrical Manager,Takweenat -,"New Cairo, Cairo, Egypt","Full Time
On-site"
Sales Manager – Light Current & Display Systems,ACS -,"Cairo, Egypt","Full Time
On-site"
HSE Section Head,Confidential -,"Bourj Alarab, Alexandria, Egypt","Full Time
On-site"
Business Analyst,TECHNOSAT -,"Cairo, Egypt","Full Time
Hybrid"
BIM Coordinator (Architectural),ACE -,"Cairo, Egypt","Full Time
On-site"
HSE Officer,Hassan Allam Sports Club -,"New Cairo, Cairo, Egypt","Full Time
On-site"
Material Planner,Confidential -,"10th of Ramadan City, Cairo, Egypt","Full Time
On-site"
IT Operations & Infrastructure Manager,Kgroup -,"Obour City, Cairo, Egypt","Full Time
On-site"
Accounting Manager - Alexandria,MENA For Contracting & Trading -,"San Stefano, Alexandria, Egypt","Full Time
On-site"
IT Infrastructure & Support Administrator,GEMMA -,"Haram, Giza, Egypt","Full Time
On-site"
Digital Transformation & Systems Specialist,Confidential -,"New Cairo, Cairo, Egypt","Full Time
On-site"
Materials & Production Planning Specialist - Background Foods,Marbella For Food Industry -,"6th of October, Giza, Egypt","Full Time
On-site"
Group IT Manager,TEPCO S.A.E. -,"6th of October, Giza, Egypt","Full Time
On-site"
Senior Odoo Developer,Sharm Dreams Group -,"Manial, Cairo, Egypt","Full Time
On-site"
Business Analytics Lead,BasharSoft -,"Cairo, Egypt","Full Time
Hybrid"
Change Management Coordinator,RISEUP (Endemag for Administrative Skills Development) -,"Maadi, Cairo, Egypt","Full Time
Hybrid"
Planning Specialist,SPEED SC & Logistics -,"Alexandria, Egypt","Full Time
On-site"
HSE Assistant Manager,SAVOLA -,"10th of Ramadan City, Sharqia, Egypt","Full Time
On-site"
Sales Manager,Egypt Africa -,"Katameya, Cairo, Egypt","Full Time
On-site"
Cost & Project Controller,Atkins Realis -,"Cairo, Egypt","Full Time
Hybrid"
HSE Manager,Confidential -,"Alsadat City, Monufya, Egypt","Full Time
On-site"
Maintenance Manager,Dakahlia Group -,"Altall Alkabir, Ismailia, Egypt","Full Time
On-site"
R&D Draftsman,Tank -,"10th of Ramadan City, Cairo, Egypt","Full Time
On-site"
Senior Design BIM Architect,EGYGAB Developments -,"New Cairo, Cairo, Egypt","Full Time
On-site"
MEP Draftsman,Conserv -,"Cairo, Egypt","Full Time
On-site"
VP of Operations Associate,Deutschland Technology Limited -,"Obour City, Cairo, Egypt","Full Time
On-site"
Factory Manager,Confidential -,"Bourj Alarab, Alexandria, Egypt","Full Time
On-site"
Senior Oracle Developer (E-Business Suite).,Akhnaton Trading and distribution - EVA Group Limted -,"Cairo, Egypt","Full Time
On-site"
Maintenance Manager,Confidential -,"10th of Ramadan City, Cairo, Egypt","Full Time
On-site"
Flutter Mobile Developer,Tawfeer -,"Maadi, Cairo, Egypt","Full Time
Hybrid"
Senior Mobile Developer,Mondia Media Egypt -,"Cairo, Egypt","Full Time
On-site"
Research & Development Manager,Confidential -,"6th of October, Giza, Egypt","Full Time
On-site"
BIM Architectural Manager,Takweenat -,"New Cairo, Cairo, Egypt","Full Time
On-site"
AI Specialist,EMIRATES BARQ -,"Sharjah, United Arab Emirates","Full Time
Remote"
ETL & BI Developer (Alteryx & Tableau),ISFP -,"Smouha, Alexandria, Egypt","Part Time
Remote"
Procurement Specialist – Packaging Materials,Confidential -,"Bourj Alarab, Alexandria, Egypt","Full Time
On-site"
Procurement Specialist Outsourced,Prometeon tyres group – Egypt -,"Ameria, Alexandria, Egypt","Full Time
Hybrid"
Sales Coordinator,Magico group -,"Obour City, Cairo, Egypt","Full Time
On-site"
SAP ERP Section Head,Confidential -,"New Cairo, Cairo, Egypt","Full Time
On-site"
Fleet Country Manager,Confidential -,"New Cairo, Cairo, Egypt","Full Time
On-site"
BI Developer,Global Brands -,"Cairo, Egypt","Internship
Hybrid"
Warehouse Manager,Confidential -,"Misratah, Libya","Full Time
On-site"
Procurement Analyst,Confidential -,"Nasr City, Cairo, Egypt","Full Time
On-site"
Senior Purchasing Specialist,Confidential -,"Mohandessin, Giza, Egypt","Full Time
On-site"
Quality Assurance Section Head,Egyptian Engineering Company -,"6th of October, Giza, Egypt","Full Time
On-site"
Procurement Manager,Erada -,"Maadi, Cairo, Egypt","Full Time
On-site"
Quality Manager,Le souverain -,"10th of Ramadan City, Sharqia, Egypt","Full Time
On-site"
Product Designer,BasharSoft -,"Cairo, Egypt","Full Time
Hybrid"
QA & Document Control Specialist,NILEWOOD -,"Alsadat City, Monufya, Egypt","Full Time
On-site"
Human Resources Generalist,Confidential -,"6th of October, Giza, Egypt","Full Time
On-site"
Demand and Production Planning Sechion Head,Arab Otsuka Nutraceuticals -,"10th of Ramadan City, Sharqia, Egypt","Full Time
On-site"
Senior HR Operations Specialist,ACE Consulting Engineers (Moharram - Bakhoum -,"Giza, Egypt","Full Time
On-site"
Sales Account Manager,شركة سوبر للاستيراد و التصدير -,"Ataba, Cairo, Egypt","Full Time
On-site"
Accounting Clerk,AlAndalos for real estate -,"Glim, Alexandria, Egypt","Full Time
On-site"
Senior Automotive Diagnostic Technician (Remote,CarDealsChicago -,"Chicago, United States","Full Time
Remote"
Full Stack Developer (Frontend-Focused),Adwar Logistics -,"Cairo, Egypt","Full Time
Freelance / Project
Hybrid"
Administrative Assistant.,Target Engineering -,"Cairo, Egypt","Full Time
On-site"
Senior Frontend Developer- Angular,Egabi FSI -,"Sheraton, Cairo, Egypt","Full Time
On-site"
Chemist Operator - (RO),Taqa Water -,"Maadi, Cairo, Egypt","Full Time
On-site"
Planning Manager,Confidential -,"New Cairo, Cairo, Egypt","Full Time
On-site"
Supply Chain Planning Section Head,Orient -,"Shubra, Cairo, Egypt","Full Time
On-site"
Technical Project Coordinator (Assistant to the CTO),Confidential -,"Riyadh, Saudi Arabia","Full Time
On-site"
Senior Sales Operation,Turbo Compression -,"Heliopolis, Cairo, Egypt","Full Time
On-site"
Oracle Apps Database Administrator,EVA Cosmetics -,"Downtown, Cairo, Egypt","Full Time
On-site"
IT Manager,Confidential -,"10th of Ramadan City, Sharqia, Egypt","Full Time
On-site"
Information Systems Department Manager,Confidential -,"New Cairo, Cairo, Egypt","Full Time
On-site"
Warehouse Manager,Confidential -,"Nasr City, Cairo, Egypt","Full Time
On-site"
Operation Specialist,Orion -,"Madinaty, Cairo, Egypt","Full Time
On-site"
ERP Implementer,Erpplus5 -,"Maadi, Cairo, Egypt","Full Time
On-site"
Planning Specialist,Koning Food Industries -,"10th of Ramadan City, Sharqia, Egypt","Full Time
On-site"
Senior Business Analyst,Egabi FSI -,"Sheraton, Cairo, Egypt","Full Time
On-site"
Business Development & Expansion Manager,Spinneys Egypt -,"Maadi, Cairo, Egypt","Full Time
On-site"
Digital Solutions Sales Lead,Advanced Engineering Consultations -,"Giza, Egypt","Full Time
On-site"
IT Specialist,Confidential -,"Haram, Giza, Egypt","Full Time
On-site"
Procurement Section Head,MY WAY -,"Obour City, Cairo, Egypt","Full Time
On-site"
Financial Planning & Analysis (FP&A) Analyst,NERIC -,"Heliopolis, Cairo, Egypt","Full Time
On-site"
Odoo ERP Developer,K Line Europe -,"Cairo, Egypt","Full Time
Remote"
Supply Chain Analyst,El Ola steel Group -,"Sheikh Zayed, Giza, Egypt","Full Time
On-site"
Produce Manager,iraqi National for Glass and matel Caps -,"Baghdad, Iraq","Full Time
On-site"
Oracle Apps Database Administrator,Egabi FSI -,"Sheraton, Cairo, Egypt","Full Time
On-site"
UI Web Developer,Erpplus5 -,"Maadi, Cairo, Egypt","Full Time
Volunteering
Hybrid"
Senior Full Stack Developer (.NET Core & Angular),فلوروز -,"Maadi, Cairo, Egypt","Full Time
On-site"
ERP Application Support,Ibn Sina Pharma -,"New Cairo, Cairo, Egypt","Full Time
Hybrid"
Middle Golang Developer,Vertex Technologies -,"Cairo, Egypt","Full Time
On-site"
Senior Foreign Procurement & Logistics Specialist,Egyptian Packaging and Plastic Systems Corp -,"Masr Al Qadima, Cairo, Egypt","Full Time
On-site"
Ecosystem & Business Development Manager,Nile University -,"Giza, Egypt","Full Time
On-site"
CAFM Specialist (Computer-Aided Facility Management),Fakeeh University Hospital -,"Cairo, Egypt","Full Time
Hybrid"
"Senior Associate, Business Development",Nile University -,"Sheikh Zayed, Giza, Egypt","Full Time
On-site"
Operation Team Leader,Confidential -,"Damietta, Damietta, Egypt","Full Time
On-site"
Production Manager - Sheet Metal,Confidential -,"10th of Ramadan City, Sharqia, Egypt","Full Time
On-site"
Planning Manager,EGMED -,"Cairo, Egypt","Full Time
On-site"
Full Time/ Part Time Instructors /Faculty Members & Teaching Assistants,SU Tech - Elsewedy University -,"10th of Ramadan City, Sharqia, Egypt","Full Time
Part Time
On-site"
HSE Area Manager,Arabtec -,"Alamein, Matruh, Egypt","Full Time
On-site"
Human Resources Supervisor (Construction),Confidential -,"Cairo, Egypt","Full Time
On-site"
Senior Talent Management Specialist,NERIC -,"Cairo, Egypt","Full Time
On-site"
Digital Media Buyer,Ghoneim Developments Group -,"New Cairo, Cairo, Egypt","Full Time
On-site"
Technical Software Project Leader – Full Stack .NET,IKEN Technology -,"Maadi, Cairo, Egypt","Full Time
On-site"
Full Stack Developer,Roaya -,"Maadi, Cairo, Egypt","Full Time
On-site"
Senior Android Developer,Madar Soft -,"Fleming, Alexandria, Egypt","Full Time
Remote"
Group Talent Acquistion Manager,Gazala Steel Fabrication GSF -,"New Cairo, Cairo, Egypt","Full Time
On-site"
General Accountant,Orouba Misr -,"Smouha, Alexandria, Egypt","Full Time
On-site"
Backend Developer,nichepharma -,"Sheikh Zayed, Giza, Egypt","Internship
Remote"
HR Operations Lead,CSI -,"Heliopolis, Cairo, Egypt","Full Time
On-site"
Odoo ERP Implementer,K Line Europe -,"Cairo, Egypt","Full Time
Remote"
PHP Full Stack Developer,Mora Communications Company -,"New Cairo, Cairo, Egypt","Full Time
On-site"
Secretary / Sales Coordinator,PNP for maintenance company -,"Ain Shams, Cairo, Egypt","Full Time
On-site"
HSE Manager,MATGR For Engineering And Trading -,"New Cairo, Cairo, Egypt","Full Time
On-site"
Software QA Tester,Tawfeer -,"Maadi, Cairo, Egypt","Full Time
Hybrid"
Dental CAD Designer/ Surgical Guide,3Sixty -,"Mohandessin, Giza, Egypt","Full Time
Hybrid"
Marketing Executive,IEI -,"10th of Ramadan City, Sharqia, Egypt","Full Time
On-site"
Senior Talent Acquisition Specialist,Arabian Construction Co. -,"New Cairo, Cairo, Egypt","Full Time
On-site"
Sales Representative,Tenda Smart -,"Obour City, Cairo, Egypt","Full Time
Hybrid"
IT Help Desk Specialist,PRE Group -,"New Cairo, Cairo, Egypt","Full Time
On-site"
Senior ICT Service Desk Administrator,Tank -,"New Nozha, Cairo, Egypt","Full Time
On-site"
Sales Specialist,Tenda Smart -,"Obour City, Cairo, Egypt","Full Time
On-site"
Technical Support Specialist,Orion -,"Madinaty, Cairo, Egypt","Full Time
On-site"
Senior Accountant-Real Estate,Confidential -,"New Cairo, Cairo, Egypt","Full Time
Hybrid"
Full Stack Developer - WordPress ToSaaS Migration,AIS -,"Cairo, Egypt","Full Time
Hybrid"
Executive Assistant,Dakahlia Group -,"Nasr City, Cairo, Egypt","Full Time
On-site"
Senior Full Stack Developer,Bright Vision -,"Giza, Giza, Egypt","Full Time
On-site"
SAP Enterprise Asset Management (EAM) Consultant,Intrasoft ME -,"Cairo, Egypt","Freelance / Project
Hybrid"
Accounting Manager,El Alfy Group -,"Maadi, Cairo, Egypt","Full Time
On-site"
Oracle APEX Developer,ICIS -,"New Cairo, Cairo, Egypt","Full Time
Hybrid"
odoo developer,Jaffangroup -,"Obour City, Cairo, Egypt","Full Time
On-site"
Odoo Functional Consultant / Implementer,Original International For trailers -,"Obour City, Cairo, Egypt","Full Time
On-site"
Product Designer - Furniture,Riadco 2000 -,"Obour City, Cairo, Egypt","Full Time
On-site"
Odoo Developer,Confidential -,"Benghazi, Libya","Full Time
On-site"
IT Support Specialist,Cairoscan -,"Mohandessin, Giza, Egypt","Full Time
On-site"
International Project Manager Assistant,GloBAS Group -,"Dubai, United Arab Emirates","Internship
Remote"
Procurement Specialist - Marine,Confidential -,"Alexandria, Egypt","Full Time
On-site"
QC Manager,FlexFilms Egypt -,"6th of October, Giza, Egypt","Full Time
On-site"
IT Help Desk Specialist,PRE Group -,"New Cairo, Cairo, Egypt","Full Time
On-site"
Senior ICT Service Desk Administrator,Tank -,"New Nozha, Cairo, Egypt","Full Time
On-site"
Sales Specialist,Tenda Smart -,"Obour City, Cairo, Egypt","Full Time
On-site"
Technical Support Specialist,Orion -,"Madinaty, Cairo, Egypt","Full Time
On-site"
Senior Accountant-Real Estate,Confidential -,"New Cairo, Cairo, Egypt","Full Time
Hybrid"
Full Stack Developer - WordPress ToSaaS Migration,AIS -,"Cairo, Egypt","Full Time
Hybrid"
Executive Assistant,Dakahlia Group -,"Nasr City, Cairo, Egypt","Full Time
On-site"
Senior Full Stack Developer,Bright Vision -,"Giza, Giza, Egypt","Full Time
On-site"
SAP Enterprise Asset Management (EAM) Consultant,Intrasoft ME -,"Cairo, Egypt","Freelance / Project
Hybrid"
Accounting Manager,El Alfy Group -,"Maadi, Cairo, Egypt","Full Time
On-site"
Oracle APEX Developer,ICIS -,"New Cairo, Cairo, Egypt","Full Time
Hybrid"
odoo developer,Jaffangroup -,"Obour City, Cairo, Egypt","Full Time
On-site"
Odoo Functional Consultant / Implementer,Original International For trailers -,"Obour City, Cairo, Egypt","Full Time
On-site"
Product Designer - Furniture,Riadco 2000 -,"Obour City, Cairo, Egypt","Full Time
On-site"
Odoo Developer,Confidential -,"Benghazi, Libya","Full Time
On-site"
IT Support Specialist,Cairoscan -,"Mohandessin, Giza, Egypt","Full Time
On-site"
International Project Manager Assistant,GloBAS Group -,"Dubai, United Arab Emirates","Internship
Remote"
Procurement Specialist - Marine,Confidential -,"Alexandria, Egypt","Full Time
On-site"
QC Manager,FlexFilms Egypt -,"6th of October, Giza, Egypt","Full Time
On-site"
IT Help Desk Specialist,PRE Group -,"New Cairo, Cairo, Egypt","Full Time
On-site"
Senior ICT Service Desk Administrator,Tank -,"New Nozha, Cairo, Egypt","Full Time
On-site"
Sales Specialist,Tenda Smart -,"Obour City, Cairo, Egypt","Full Time
On-site"
Technical Support Specialist,Orion -,"Madinaty, Cairo, Egypt","Full Time
On-site"
Senior Accountant-Real Estate,Confidential -,"New Cairo, Cairo, Egypt","Full Time
Hybrid"
Full Stack Developer - WordPress ToSaaS Migration,AIS -,"Cairo, Egypt","Full Time
Hybrid"
Executive Assistant,Dakahlia Group -,"Nasr City, Cairo, Egypt","Full Time
On-site"
Senior Full Stack Developer,Bright Vision -,"Giza, Giza, Egypt","Full Time
On-site"
SAP Enterprise Asset Management (EAM) Consultant,Intrasoft ME -,"Cairo, Egypt","Freelance / Project
Hybrid"
Accounting Manager,El Alfy Group -,"Maadi, Cairo, Egypt","Full Time
On-site"
Oracle APEX Developer,ICIS -,"New Cairo, Cairo, Egypt","Full Time
Hybrid"
odoo developer,Jaffangroup -,"Obour City, Cairo, Egypt","Full Time
On-site"
Odoo Functional Consultant / Implementer,Original International For trailers -,"Obour City, Cairo, Egypt","Full Time
On-site"
Product Designer - Furniture,Riadco 2000 -,"Obour City, Cairo, Egypt","Full Time
On-site"
Odoo Developer,Confidential -,"Benghazi, Libya","Full Time
On-site"
IT Support Specialist,Cairoscan -,"Mohandessin, Giza, Egypt","Full Time
On-site"
International Project Manager Assistant,GloBAS Group -,"Dubai, United Arab Emirates","Internship
Remote"
Procurement Specialist - Marine,Confidential -,"Alexandria, Egypt","Full Time
On-site"
QC Manager,FlexFilms Egypt -,"6th of October, Giza, Egypt","Full Time
On-site"
IT Help Desk Specialist,PRE Group -,"New Cairo, Cairo, Egypt","Full Time
On-site"
Senior ICT Service Desk Administrator,Tank -,"New Nozha, Cairo, Egypt","Full Time
On-site"
Sales Specialist,Tenda Smart -,"Obour City, Cairo, Egypt","Full Time
On-site"
Technical Support Specialist,Orion -,"Madinaty, Cairo, Egypt","Full Time
On-site"
Senior Accountant-Real Estate,Confidential -,"New Cairo, Cairo, Egypt","Full Time
Hybrid"
Full Stack Developer - WordPress ToSaaS Migration,AIS -,"Cairo, Egypt","Full Time
Hybrid"
Executive Assistant,Dakahlia Group -,"Nasr City, Cairo, Egypt","Full Time
On-site"
Senior Full Stack Developer,Bright Vision -,"Giza, Giza, Egypt","Full Time
On-site"
SAP Enterprise Asset Management (EAM) Consultant,Intrasoft ME -,"Cairo, Egypt","Freelance / Project
Hybrid"
Accounting Manager,El Alfy Group -,"Maadi, Cairo, Egypt","Full Time
On-site"
Oracle APEX Developer,ICIS -,"New Cairo, Cairo, Egypt","Full Time
Hybrid"
odoo developer,Jaffangroup -,"Obour City, Cairo, Egypt","Full Time
On-site"
Odoo Functional Consultant / Implementer,Original International For trailers -,"Obour City, Cairo, Egypt","Full Time
On-site"
Product Designer - Furniture,Riadco 2000 -,"Obour City, Cairo, Egypt","Full Time
On-site"
Odoo Developer,Confidential -,"Benghazi, Libya","Full Time
On-site"
IT Support Specialist,Cairoscan -,"Mohandessin, Giza, Egypt","Full Time
On-site"
International Project Manager Assistant,GloBAS Group -,"Dubai, United Arab Emirates","Internship
Remote"
Procurement Specialist - Marine,Confidential -,"Alexandria, Egypt","Full Time
On-site"
QC Manager,FlexFilms Egypt -,"6th of October, Giza, Egypt","Full Time
On-site"
IT Help Desk Specialist,PRE Group -,"New Cairo, Cairo, Egypt","Full Time
On-site"
Senior ICT Service Desk Administrator,Tank -,"New Nozha, Cairo, Egypt","Full Time
On-site"
Sales Specialist,Tenda Smart -,"Obour City, Cairo, Egypt","Full Time
On-site"
Technical Support Specialist,Orion -,"Madinaty, Cairo, Egypt","Full Time
On-site"
Senior Accountant-Real Estate,Confidential -,"New Cairo, Cairo, Egypt","Full Time
Hybrid"
Full Stack Developer - WordPress ToSaaS Migration,AIS -,"Cairo, Egypt","Full Time
Hybrid"
Executive Assistant,Dakahlia Group -,"Nasr City, Cairo, Egypt","Full Time
On-site"
Senior Full Stack Developer,Bright Vision -,"Giza, Giza, Egypt","Full Time
On-site"
SAP Enterprise Asset Management (EAM) Consultant,Intrasoft ME -,"Cairo, Egypt","Freelance / Project
Hybrid"
Accounting Manager,El Alfy Group -,"Maadi, Cairo, Egypt","Full Time
On-site"
Oracle APEX Developer,ICIS -,"New Cairo, Cairo, Egypt","Full Time
Hybrid"
odoo developer,Jaffangroup -,"Obour City, Cairo, Egypt","Full Time
On-site"
Odoo Functional Consultant / Implementer,Original International For trailers -,"Obour City, Cairo, Egypt","Full Time
On-site"
Product Designer - Furniture,Riadco 2000 -,"Obour City, Cairo, Egypt","Full Time
On-site"
Odoo Developer,Confidential -,"Benghazi, Libya","Full Time
On-site"
